,content,%sentiment,sentiment
0,ammoxxx great day woman did you notice the smile that never disappeared off my face ha murray all cos of you i owe you,[0.40534782 0.5946522 ],positive
1,off to liverpool now,[0.19700253 0.80299747],positive
2,sportday with charlotte,[0.4318371  0.56816286],positive
3,roar_fear_me doing very well thank you very much  spending a lot of time behind the pc but with a focus and determination,[0.91942966 0.0805703 ],negative
4,simbaaa mahimaaa sorry i couldnt help it twas to try and get if on the trending topics,[0.4318371  0.56816286],positive
5,aanneeb ok  i kinda thought so i mean those 2  it would be funny though,[0.40534782 0.5946522 ],positive
6,hoedown throwdown all i can say is im getting there,[0.33424237 0.6657576 ],positive
7,sleeeping  just had to say happy momdukes day,[0.4318371  0.56816286],positive
8,had an amazing time dancing to dj dan at ruby skye tonight and im still looking for that roommate in sf if you know anybody,[0.33424237 0.6657576 ],positive
9,backstreetboys congrats to howie i hope you bring little james to germany soon  wish you all the best for your family,[0.60597855 0.39402145],negative
10,wendy_fred6 i havent canceled my account yet and i havent logged in since november i think maybe i should  my main was a rogue lvl73,[0.37977502 0.62022495],positive
11,khtemplar is my son  he gets my vote today coz he has grown into a loving caring soulfull man  who loves his mum,[0.05193887 0.9480611 ],positive
12,mollyschofe on another note i totally love this pic of you and your dadold pic   httpbitly18aeg8,[0.06274323 0.93725675],positive
13,sleep all day then back at work for another 12 hours of psych nursing,[0.4318371  0.56816286],positive
14,thelakersnation game 3 today oh ya,[0.1293295 0.8706705],positive
15,duskyblueskies i am pretty sure thats the sort if tweeting that will lose followers but stuff it it was well worth it,[0.13571897 0.86428106],positive
16,awake and my head hurts which probably means last night was a good one,[0.40534782 0.5946522 ],positive
17,loads of little jobs to do today  going to be playing walking themed music today from brickman,[0.7088512  0.29114872],negative
18,good morning driving to work,[0.28546515 0.7145348 ],positive
19,httptwitpiccom4wtii  new hair going to greeattt use,[0.33424237 0.6657576 ],positive
20,getting the jba out,[0.28546515 0.7145348 ],positive
21,its like im living in a dream land i always get what i want god thank you for everything im so grateful for this lovely life,[0.49926993 0.50073004],positive
22,mikeynef mmmm looks so yummy good seeing u,[0.06274323 0.93725675],positive
23,yes i done it at last  my homework is ready dx and i can go waaalkiiing because the sun is shining ^^ oh yeah,[0.15714386 0.8428561 ],positive
24,marshawrites yes you should write an article,[0.06274323 0.93725675],positive
25,astrylnaut yeah talking to you was too boring,[0.40534782 0.5946522 ],positive
26,happy mothers day ,[0.33424237 0.6657576 ],positive
27,murrion nope sliverlight is client a side tech,[0.06274323 0.93725675],positive
28,good morning everybody ,[0.28546515 0.7145348 ],positive
29,decadentdecay chica two more days  i want the us elle too,[0.13571897 0.86428106],positive
30,lucykd lmao im only joking mate,[0.7088512  0.29114872],negative
31,katie_mcflyy finaly my chance has came  to kill you mwahaha ha not cool   ha  xx,[0.05193887 0.9480611 ],positive
32,watching the simpsons,[0.37977502 0.62022495],positive
33,thanks all for coming out tonight hope ya had fun,[0.1293295 0.8706705],positive
34,oh now it doesnt need updating all of a sudden ok will get dressed anyway,[0.19700253 0.80299747],positive
35,oh ive just watched the third episode of jonas its awesome,[0.19700253 0.80299747],positive
36,dafyddhumphreys i dont see why not,[0.13571897 0.86428106],positive
37,sarcasmoo  waited for the band before the singapore show met chris m and got tickets nothing you dont know,[0.4318371  0.56816286],positive
38,jakolien hee hee  btw thanks for your linkedin tips  ive still to use them but thanks in advance,[0.6990433  0.30095673],negative
39,dannymcfly httptwitpiccom3ernb  loving the jumper,[0.13571897 0.86428106],positive
40,really good night,[0.91942966 0.0805703 ],negative
41,boothamshaw i dont really knowi saw it on the gadget show about something thatmakes messages easier to find or something thank you,[0.60597855 0.39402145],negative
42,off to have a sumptuous mexican meal,[0.19700253 0.80299747],positive
43,davidleibrandt good to know you had fun,[0.13571897 0.86428106],positive
44,when spelling is important  httpbitlyjdk0z,[0.37977502 0.62022495],positive
45,twilightgossip i hope you feel better soon,[0.1293295 0.8706705],positive
46,jmlares awake suprisingly couldnt get to sleep last night so gave up and pulled an allnighter  how are you,[0.6990433  0.30095673],negative
47,courtpet oh sweet ill definitely check it out when i get the chance,[0.5588732 0.4411268],negative
48,is having carbonara for dinner made by my mum mom,[0.49926993 0.50073004],positive
49,just as i finish checking all my emails i get 5 more because like 5 more people are following me on twitter hi people following me,[0.6990433  0.30095673],negative
50,vanwau ooh really well you know youre always welcome,[0.85970765 0.14029232],negative
51,happy mothers day,[0.33424237 0.6657576 ],positive
52,happy bday to lina  haha your birthdaypresent to me would be to comment on the new video  httpbitly17cy61,[0.33424237 0.6657576 ],positive
53,magnum74 i knew my mom loved flowers and she loves the rieger begonia so hanging basket seemed perfect,[0.06274323 0.93725675],positive
54,derby day woooo come on united,[0.13571897 0.86428106],positive
55,completely excellent dave matthews concert jason mraz opened amp i heard quotstay or leavequot amp quotcrushquot for the first time live,[0.5588732 0.4411268],negative
56,happy mothers day to all your moms,[0.33424237 0.6657576 ],positive
57,cleaning up from yesterdays wild party,[0.5588732 0.4411268],negative
58,polaroidsof182 okay cool  we can have like a camool zoo,[0.05870679 0.9412932 ],positive
59,if you hit a car  u should leave a note httpbitlyp274b  but yea put whatever u want on the note,[0.49926993 0.50073004],positive
60,dotnetcowboy thanks  even though im just mother of our cat,[0.13571897 0.86428106],positive
61,methinks its time to read a dolls house  streetcar and get some quotes and then physics,[0.06274323 0.93725675],positive
62,early morning golf on a sunny day,[0.75589883 0.24410112],negative
63,manbag79 awww i love me some charlies  we are enjoying some lucky food lol,[0.06274323 0.93725675],positive
64,mozarts requiem,[0.06274323 0.93725675],positive
65,mopedronin come to kyoto  weather is great here,[0.06274323 0.93725675],positive
66,couldnt resist  httpblipfm5z7v3,[0.5588732 0.4411268],negative
67,sherenejose  yes thats what i was implying was a bit too subtle as usual i suppose,[0.4318371  0.56816286],positive
68,loved britains got talent last night  shaun and greg were both amazing  were they hot toocant say i noticed,[0.7088512  0.29114872],negative
69,hottieann2145 you live in aj me too,[0.33424237 0.6657576 ],positive
70,happy mothers day,[0.33424237 0.6657576 ],positive
71,hallelujah ive finally finished my careers assignment the feeling of finishing a task is great you have no idea or maybe you do lol,[0.33424237 0.6657576 ],positive
72,quotviewers of my linkedin profiel also viewed barack obama francisco van jole and erwin blomquot im in good company,[0.7997936  0.20020643],negative
73,just fyi there is also turkish star wars rip off  here httpbitlyaesnk,[0.6990433  0.30095673],negative
74,rove live in 3 mins kinda excited,[0.91942966 0.0805703 ],negative
75,i can rome without ceasar,[0.49926993 0.50073004],positive
76,missxmarisa hahaha its massive compared to the others youre so sweet scenie,[0.06274323 0.93725675],positive
77,happy mothers day valk,[0.33424237 0.6657576 ],positive
78,racoonresidue but theyre the awesome quotes not the corney ones  p,[0.91942966 0.0805703 ],negative
79,hermanryu thank you tadi jam 1230pm,[0.33424237 0.6657576 ],positive
80,tprettyman ask them what they have done with their lives be annoying human beings tell your mama happy mothers day,[0.1293295 0.8706705],positive
81,good mornin everyone  beautiful sunday for all the beautiful moms of ours had my breakfast with the lady    lets move on ,[0.28546515 0.7145348 ],positive
82,i guess shes not the type of songwriter who dreams the great ones,[0.49926993 0.50073004],positive
83,pierrino yes dont forget the koala pics   im pubquizzing tonight in the 11e if youre back in time sinon mardi,[0.05870679 0.9412932 ],positive
84,with aubrey at pearl,[0.37977502 0.62022495],positive
85,horcrux01 happy bday,[0.33424237 0.6657576 ],positive
86,swedish_em im ok i guess talking to  biiip  right now oron sms haha well how are you,[0.4318371  0.56816286],positive
87,la bound,[0.7088512  0.29114872],negative
88,so grateful for my amazing family how blessed am i happy mothers day everyone,[0.4318371  0.56816286],positive
89,ansje_44 thanks it was a bit out of my comfort zone but it was fun,[0.40534782 0.5946522 ],positive
90,just funny sitting here with external keyboard mouse and macbook on bed  just looks strange but its comfortable,[0.6990433  0.30095673],negative
91,nemitabbah hahahahayeah you mess up that crossing and kneeling bit you will get called outjoking,[0.549934   0.45006594],negative
92,rainycitylove i like that  tehe x,[0.91942966 0.0805703 ],negative
93,moodleman somehow i am going to have to figure out how to come to sydney one day,[0.06274323 0.93725675],positive
94,happy mothers day havent got mom a present yet print off an amazon gift card for her  httpsnipurlcomhq0n1,[0.33424237 0.6657576 ],positive
95,today is free day of speaking i am at the office handling some business issues,[0.1293295 0.8706705],positive
96,bowrainbow at le monts door its closed maybe they are too rich  passed pairung as well,[0.60597855 0.39402145],negative
97,iamhenrymorgan my screen is covered with blur   hows ya day been kiddo ,[0.49926993 0.50073004],positive
98,mandybooklover same here having a nice quiet sunday,[0.06274323 0.93725675],positive
99,sleepynikki  i will see if theres a used organ shop there amp let you know but why not just sign up to ejammingcom and rock out,[0.4318371  0.56816286],positive
100,monkeyknopfler youre welcome on the road today so will save those games til next week cant wait,[0.06274323 0.93725675],positive
101,moeneekah i hope he does  join dailybooth and youll find one,[0.06274323 0.93725675],positive
102,shower time,[0.4318371  0.56816286],positive
103,viters the hotel should be thankful,[0.85970765 0.14029232],negative
104,had a great night ashleigh makes a good dance teacher  and we kicked bens butt at a pillow fight,[0.33424237 0.6657576 ],positive
105,marthinnayoan ahahaha thanks bro will do i might take the day off tomorrow,[0.06274323 0.93725675],positive
106,ahh juz got a new rapidshare account that lasts till oct 09 10gb download limit daily,[0.40534782 0.5946522 ],positive
107,firequinito ot ot ot,[0.02685516 0.9731449 ],positive
108,is mixing techno progressive and tance with ableton live for ben vapids birthday  ableton,[0.49926993 0.50073004],positive
109,benchmarkit does clapping bring them back to life,[0.60597855 0.39402145],negative
110,simonemaynard thank you,[0.4318371  0.56816286],positive
111,enjoying a great buffet brunch at friends amp bachus on st marks road the food service amp ambience get a 4050 definitely coming back,[0.75589883 0.24410112],negative
112,httptwitpiccom4wtom  this day is soo stressful geee lunch was a blast tho how are you guys,[0.33424237 0.6657576 ],positive
113,yeah  just bought tickets for pearl jam in august,[0.15714386 0.8428561 ],positive
114,lindsayslifee goodmornin  as soon as i saw ur pic it reminded me how embarresing it was yesterday with oliveramppeter it was fun tho xd,[0.7088512  0.29114872],negative
115,lectronice yes indeed                                                                                               here i am again,[0.7088512  0.29114872],negative
116,to all moms out there happy mothers day,[0.1293295 0.8706705],positive
117,melodylealamb goooood morning melody wishing you a wonderful mothers day with your family,[0.06274323 0.93725675],positive
118,is eating bbq jalapeno torta subway from los chaparros right next door,[0.49926993 0.50073004],positive
119,i saw thirst which is korean movie made by chanwook park  this movie isnt hard but good,[0.49926993 0.50073004],positive
120,sarasso619 ill have to be more creative in choosing my next alias  adding the n to the front obviously was not stealthy enought,[0.4318371  0.56816286],positive
121,show 147 in prepre production  a bit behind,[0.4318371  0.56816286],positive
122,cherylelapitan should be a good one even wo yao in the middle expect the rockets to play kobe hard nothing the mamba cant handle,[0.5588732 0.4411268],negative
123,ooh i have snazzed up my profile with summery colors,[0.19700253 0.80299747],positive
124,urfavoritegrl im sure youre sleeping but youll have to tell me your favorite part tomorrow i laughed pretty much the whole time,[0.25384602 0.746154  ],positive
125,you always seem to know exactly the right thing to say thanks   httpilikeucozcomm1123 youregreat,[0.15714386 0.8428561 ],positive
126,hmigroupllc,[0.33424237 0.6657576 ],positive
127,lukemarsden aww bless  you guys are so cute are you still in touch with any of the other bb contestants xxoo,[0.7088512  0.29114872],negative
128,i had a new friend who called himself shame,[0.49926993 0.50073004],positive
129,americanyard gmornin lolz more like gnite 2 meim just gettin home from work amp yes ur label or agentmngr,[0.40534782 0.5946522 ],positive
130,tferriss thats very funny  cute kids,[0.1293295 0.8706705],positive
131,happy sunday we have sunshine in frankfurt hope all mothers enjoy this day,[0.33424237 0.6657576 ],positive
132,did 145 miles in the peak last night with a nice 5 mile run back to the car this morning,[0.13571897 0.86428106],positive
133,going to program now  havent programmed for a long time now,[0.28546515 0.7145348 ],positive
134,doctorwatsonsx morning,[0.13571897 0.86428106],positive
135,my bet on mumbai indians today anyone to take a bet on this for 500 bucks,[0.06274323 0.93725675],positive
136,band practice,[0.60597855 0.39402145],negative
137,hihat7 go to main settings page for iphone and scroll down  you will see it,[0.33424237 0.6657576 ],positive
138,jpmizdelicious  hii,[0.6990433  0.30095673],negative
139,happy mothers day to all my fellow mums  have a great day  mine will be spent in my garden with all of my family,[0.33424237 0.6657576 ],positive
140,has now been informed by a close personal friend that the sore head is due to infact 4 pints not 2,[0.33424237 0.6657576 ],positive
141,andrew1913 theme tune your robin im batman,[0.40534782 0.5946522 ],positive
142,johncmayer you are one of my favorite musiciansartists ever please keep up the great work john,[0.6990433  0.30095673],negative
143,demilsupporter i love your hat so cool that looks like it was a fun day  and i love that you used the word quotcrikeyquot just now,[0.13571897 0.86428106],positive
144,sooo tired and have a headacheall self inflicted of course good times though,[0.4318371  0.56816286],positive
145,happy mommas day all honor your moms  sign up for maternalhealth  heres for all mothers and luvin kids out there  httpbitlybpekk,[0.33424237 0.6657576 ],positive
146,huh another scarepoint coding sunday,[0.33424237 0.6657576 ],positive
147,pretentiousgit what a cute dog,[0.05870679 0.9412932 ],positive
148,codepo8 i must admit when i first saw that name posted i thought it was an exploit attempt,[0.5588732 0.4411268],negative
149,try to play john travoltas quotgrease lightningquot bassline its cool,[0.1293295 0.8706705],positive
150,hollymcombsbr somehow i cant reply to your message lol and yes i know  thank youuu,[0.33424237 0.6657576 ],positive
151,sorry i havent tweeted in a while i was on holiday then was ill but im better now,[0.4318371  0.56816286],positive
152,umm what do we have here apple pie check cupcakes check green tea check coffee check then were ready for tea time,[0.25384602 0.746154  ],positive
153,dannehoak hey there your web url looks good,[0.13571897 0.86428106],positive
154,therealjayrome heya thanks for accepting the add,[0.1293295 0.8706705],positive
155,our south style exhibition is on in less than a week  member fresh gallery otara,[0.19700253 0.80299747],positive
156,did it  back in pakistan  httpbkitecom07kbp,[0.13571897 0.86428106],positive
157,while mattcutts on vacation nytimes having golden times spamming google by 5350 redirects httpbitly18kwzh,[0.37977502 0.62022495],positive
158,its mothers day went out to lunch to celebrate and then went shopping for a gift for my mom,[0.49926993 0.50073004],positive
159,chriscuzzy now im going back to bed lol enjoy your time at the gym ill be sleeping,[0.5588732 0.4411268],negative
160,hellolizzi oh hahah thats ok then,[0.33424237 0.6657576 ],positive
161,star treeeeek only one hot guy there  and i get to watch him do his hot stuff woo,[0.4318371  0.56816286],positive
162,bathing with two little angels keyla and janice,[0.60597855 0.39402145],negative
163,kenzielee_ mothers day in the us today i wont tell mine shell expect another present,[0.05193887 0.9480611 ],positive
164,just watched camp rock  eating raspberry ripple icecream awesome,[0.6990433  0.30095673],negative
165,off to bed  nighty night everyone,[0.19700253 0.80299747],positive
166,hmm icecream for breakfast  springtime,[0.33424237 0.6657576 ],positive
167,signing out for the night  have a good sunday night all,[0.4318371  0.56816286],positive
168,jonoble hope youll be able to join us for future editions,[0.6990433  0.30095673],negative
169,just watched one tree hill episode 22 season 6 never cried this much since keith died oth is epic for sure  xxx,[0.6990433  0.30095673],negative
170,davelakhani did you get to meet ace frehley  love his guitar playing  not sure how coherent a speaker he mightmight not be,[0.13571897 0.86428106],positive
171,did it  back in pakistan  httpbkitecom07kbq,[0.13571897 0.86428106],positive
172,i say quotoh manquot jovani asks quotdid you just call me an old manquot haha,[0.49926993 0.50073004],positive
173,did it  back in pakistan  httpbkitecom07kbr,[0.13571897 0.86428106],positive
174,jordanknight please wish your wife evelyn a happy mothers day for me and tell her i hope that she has a wonderful day spoil her today,[0.6990433  0.30095673],negative
175,jonesyladdd same its just not happening and im going out too uhoh,[0.6990433  0.30095673],negative
176,thats more like it  3rd  fb,[0.1293295 0.8706705],positive
177,2 more weeks of school not including weekends omg right on im so excited yet scared omg ahhhh i cant wait to grad,[0.26366603 0.73633397],positive
178,had a great weekend but ate too much i think  i am looking forward to my trip to hobart on friday the 15th,[0.33424237 0.6657576 ],positive
179,rehabc give him a gift voucher for something like shoppers stop or something thats as good as cash unless hes immigrating that is,[0.91942966 0.0805703 ],negative
180,realhughjackman wolverine is awesome love it your such a great actor,[0.91942966 0.0805703 ],negative
181,erezmizrachi mominisrael thanks,[0.75589883 0.24410112],negative
182,we have tons of updates including pics of rob from yesterday check them out  wwwrobsessedpattinsoncom,[0.37977502 0.62022495],positive
183,beautiful515  thats awesome,[0.60597855 0.39402145],negative
184,finishing session handbooks  just health and safety and manageing discipline and grievance to add,[0.02685516 0.9731449 ],positive
185,happy mothers day mummy  ,[0.33424237 0.6657576 ],positive
186, i will launch make or break the alpha phase of my residential real estate rental website commitment of first grade,[0.35432804 0.645672  ],positive
187,glad i wore my black rats and a flowy shirt im so full from my dozen mixed oystsers seafood platter and death by chocolate,[0.28546515 0.7145348 ],positive
188,ljrich hello  as requested,[0.7088512  0.29114872],negative
189,marypascoe thanks  i love the word crikey its like my sayin,[0.06274323 0.93725675],positive
190,morning darlin dahilster hope youre feelin tiptop   httpblipfm5z7zs,[0.06274323 0.93725675],positive
191,masterballerina yess  you,[0.06274323 0.93725675],positive
192,httppicgdfad84c one sunday night at helsinki we hadnt drink anything xd yeah right,[0.33424237 0.6657576 ],positive
193,xo_nessa hiyaaa hannah asked me if i wanted to come to girls aloud  i wil see if i can skank some money somwhere is it 33 you need,[0.3247083  0.67529166],positive
194,robluketic hey mr luketic i dont have your number to send by phone  you can email me at heathfoxheathfoxcom if that would be ok,[0.91942966 0.0805703 ],negative
195,jessiealeea lolwellhope you find someone to give you a massage  wish i could but im half a world away lol,[0.6990433  0.30095673],negative
196,vitriol_ quotlordmitchnz  good evening kind sir bowsquot  httpblipfm5z7zv,[0.85970765 0.14029232],negative
197,happy mothers day,[0.33424237 0.6657576 ],positive
198,boltclock oic will need to get upgrade space if i do want to use it thenthanks  will most prob only use photoshop and dreamweaver,[0.60597855 0.39402145],negative
199,cirkusmike tweetie is very good for multiple accounts too grab the mac desktop copy too if you have one,[0.5588732 0.4411268],negative
200,edsaint lol  half  i already have a bulky desktop im geared up for super slim and light ssd performance is unreal,[0.75589883 0.24410112],negative
201,happy mothers day to all of the moms out there dont forget to send a card,[0.33424237 0.6657576 ],positive
202,will do it  in a  couple od days  when i have  more time  for  now  i   need to  get some sleep night night  all  peace,[0.37977502 0.62022495],positive
203,cybercabz ill take a lookie sound great,[0.5588732 0.4411268],negative
204,happy mothers day,[0.33424237 0.6657576 ],positive
205,seeing love at the club actually made me,[0.4318371  0.56816286],positive
206,crawling into my den for the night now,[0.5588732 0.4411268],negative
207,top 20 ways to go green httptinyurlcomotjttu  this is pretty helpful and kinda cool actually,[0.1293295 0.8706705],positive
208,aussiecynic haha better drunken tweeting you mean,[0.40534782 0.5946522 ],positive
209,just found out that im a robot,[0.6990433  0.30095673],negative
210,aussieboby i like it    masterchef,[0.40534782 0.5946522 ],positive
211,doctorbond if you meant to heavy rain n flood in bkk last night lucky i was out of bkk,[0.13571897 0.86428106],positive
212,sevenspiral no worries good news are good to spread,[0.4318371  0.56816286],positive
213,nicktionary and its amazing  x,[0.549934   0.45006594],negative
214,just read a book called quotgamer girlquot and it wasnt too bad,[0.6990433  0.30095673],negative
215,nene96 happy bday to her  and happy mothers day too,[0.549934   0.45006594],negative
216,morning im up and ready weeee its a sunday,[0.06274323 0.93725675],positive
217,therealjspace bows glad to be of service,[0.1293295 0.8706705],positive
218,28doomdoom28 i saw that on jonas too  but where is that line from cos ive heard of it my i cant remember where,[0.26366603 0.73633397],positive
219,craving4sweets happy hot mamas day,[0.5588732 0.4411268],negative
220,tessajames01 cool i wear black most of the time when i go out,[0.1293295 0.8706705],positive
221,jo3ll3 going to bed for real this time have a good day,[0.6990433  0.30095673],negative
222,i want to play audition with anna  mhcsmooch,[0.49926993 0.50073004],positive
223,sandy195850 we have two small dogs good to hear that center parcs wd take them cruising to new york on the queen mary 2 real treat,[0.4318371  0.56816286],positive
224,goin to watch some friends dvds,[0.28546515 0.7145348 ],positive
225,happy mothers day to all moms out there,[0.33424237 0.6657576 ],positive
226,just finished my 1st new song   soon on youtube   keeping you updated ,[0.6990433  0.30095673],negative
227,wilharris httptinyurlcomq3u32x isnt that the podcasting gear you got in for bittech,[0.37977502 0.62022495],positive
228,off to revise for a bit back soon,[0.19700253 0.80299747],positive
229,originalgabriel sure thing,[0.19700253 0.80299747],positive
230,hahahahaha i rember when i riped that william picture out of one of claires mags i beated zoe to it,[0.33424237 0.6657576 ],positive
231,freshypanda haha drunk golf sounds awesome i predict a great score for today,[0.02685516 0.9731449 ],positive
232,good birding trip within 7 days with 5 pitta and bornean bristlehead,[0.28546515 0.7145348 ],positive
233,modelsupplies thank you for your comment,[0.06274323 0.93725675],positive
234,headgeek666 watched the standard dvd 3d version no blu in uk yet 3d effect was best i have seen on home system yet titties in 3d,[0.33424237 0.6657576 ],positive
235,currently in costa coffee  im liking this place more and more were sat in the business lounge ooo were businessy today,[0.5588732 0.4411268],negative
236,got an re exam on tuesday wish me luck  pray for me thank you  xxx,[0.28546515 0.7145348 ],positive
237,did ice skating last show part this morning mozart awesome cant wait to do it friday and saturday love u all,[0.13571897 0.86428106],positive
238,filming the very last scene of afflicted  then its on to sound design soon soon,[0.02685516 0.9731449 ],positive
239,done with the fkn exam n just bought the mothers day gift finally tada the new prada fragrance  going to meet up mum n fam now  ,[0.13571897 0.86428106],positive
240,krysss i invite you,[0.05193887 0.9480611 ],positive
241,all in a days nasism,[0.40534782 0.5946522 ],positive
242,photo my new shoes  httptumblrcomxmx1qzcts,[0.05870679 0.9412932 ],positive
243,jennifrayne  thanks for the link ive voted amp ill send that out too,[0.6990433  0.30095673],negative
244,redmummy good morning  hows u ,[0.91942966 0.0805703 ],negative
245,toreo thats cuz youre cruising the twitter nightshift now,[0.1293295 0.8706705],positive
246,melisadisti lol i hope i find someone to give me one too lol,[0.06274323 0.93725675],positive
247,drewryanscott then u should went to vegas like u did last year  i think this was around the time u killed that animal with ur old car lol,[0.13571897 0.86428106],positive
248,happy moms day,[0.33424237 0.6657576 ],positive
249,lindsayslifee they look nice atleast  haha lt3,[0.7088512  0.29114872],negative
250,linniesuniverse lucien kerk one of our church vocalists,[0.7088512  0.29114872],negative
251,maryk3lly sure i willl ,[0.06274323 0.93725675],positive
252,on twikini while enjoying the sun,[0.19700253 0.80299747],positive
253,gh_rocks aww how sweet you are,[0.28546515 0.7145348 ],positive
254,lickmycupcakes specifically like these  httpi36tinypiccommwz6uojpg also i adore this outfit httptinyurlcomq63obq yum,[0.7088512  0.29114872],negative
255,debbiefletcher if you come to a gig in dublin you can be my dancing partner  whatcha think hehe xxx,[0.13571897 0.86428106],positive
256,i put a shelf up lol im well proud and yes its my twilight shelf  my books the movies going on there and obv my prezzie from lara xd l,[0.49926993 0.50073004],positive
257,hockey was so fukin good  fuck you hole xd,[0.33424237 0.6657576 ],positive
258,hottieann2145 nice to meet ya,[0.33424237 0.6657576 ],positive
259,simonusher a bit too early for me and wanting to have nice lunch too have a good time,[0.4318371  0.56816286],positive
260,damn article need creativity _isnt it 1620h already,[0.13571897 0.86428106],positive
261,bigdaws i know,[0.60597855 0.39402145],negative
262,is finishing off related lit during plansem break  httpplurkcompsw05s,[0.49926993 0.50073004],positive
263,sunglasses whores   httptwitpiccom4wtzj,[0.4318371  0.56816286],positive
264,"guys will go see constance 	 logically",[0.28546515 0.7145348 ],positive
265,tor87 its an awesome book cant wait for the film  enjoy and dont be scared  x,[0.1293295 0.8706705],positive
266,off to jfk again should be in texas soon,[0.19700253 0.80299747],positive
267,going to take it quite easy today actually yesterday was great but it took a lot of energy out of me going out for some pirating later,[0.28546515 0.7145348 ],positive
268,hopefully going back to work tomorrow tired of having a flu beside i love working with the children so fun to play with,[0.33424237 0.6657576 ],positive
269,pkollar very heartwarming indeed ill be looking forward to that day,[0.05870679 0.9412932 ],positive
270,good morning tweets i like lazy sundays,[0.28546515 0.7145348 ],positive
271,macquid no strange each time we return i feel like i have come home and yet i have no spanish blood that i know of,[0.06274323 0.93725675],positive
272,sosolid2k peanut o cute name  lol get another turtle and call it jelly p if i get a pet ill call it cabbage xd lolol,[0.4318371  0.56816286],positive
273,happy mothers day  esp to my mommy,[0.33424237 0.6657576 ],positive
274,cimmicsymsoffic i think ill pass the worm haha but good morning,[0.5588732 0.4411268],negative
275,walking the dog on horseforth park no hangover on a sunday morning yay,[0.37977502 0.62022495],positive
276,jaded0ll happy mothers day to ur mom jah tc,[0.6990433  0.30095673],negative
277,jaderibeiro lol event management no prerequisites,[0.6990433  0.30095673],negative
278,davidchua i think they only play psp and pokemons,[0.13571897 0.86428106],positive
279,hunz i tend to freak most people out  i am err somewhat mad,[0.33424237 0.6657576 ],positive
280,chillybreck that would be lovely alas the cubs would not be gracious enough to stop wrecking the house while we were soaking our bones,[0.5588732 0.4411268],negative
281,just finish clean up my computerguest rooms cupboard my stuffs,[0.6990433  0.30095673],negative
282,kellieann1 haha hi mum wow yes very modern of you now you just need to get a facebook account ps talk to me by writing mattcaplin,[0.05193887 0.9480611 ],positive
283,im in need of someone with a good gaydar  seriously,[0.49926993 0.50073004],positive
284,esmeeworld thanks,[0.75589883 0.24410112],negative
285,always thinking about to look for a good place to appericiate everyone who supports me on every site i joined,[0.40534782 0.5946522 ],positive
286,and sanath smacks it jayaho,[0.40534782 0.5946522 ],positive
287,robpattinson444 hello  i am ur biggest fan and i rly carnt w8 till new moon comes out good luck 2 u nd all the cast filming  xxx,[0.91942966 0.0805703 ],negative
288,early lunch then getting all dressed up for amys confirmation,[0.75589883 0.24410112],negative
289,is playing bubblewrap on her iphone over and over and over again still beats working,[0.49926993 0.50073004],positive
290,good morning tweets,[0.28546515 0.7145348 ],positive
291,mollymaison moooooooooooooooo lol i copied that lastfm thing you had  looks good,[0.06274323 0.93725675],positive
292,hi blowmefool thanks for the follow  good luck with your friend ha,[0.33424237 0.6657576 ],positive
293,priyaflorence ill say  even i dont do dominos anymore  i prefer pizza huts crunchy fresh veggie pizzas,[0.05870679 0.9412932 ],positive
294,macel_erika oh oh thats a nice song  yeah you ain nuttin budda hawndog,[0.06274323 0.93725675],positive
295,off to see the tinys thinking thoughts about smiles i caught from the radio  and big daft grin all over my face,[0.19700253 0.80299747],positive
296,mrcrunchiebar  love the new pic isnt the sunny sky nice,[0.06274323 0.93725675],positive
297,fergmaster sons of bitches why couldnt they put them on the releases we already bought,[0.02685516 0.9731449 ],positive
298,elizapatricia never met you in person but miss you like hell that must be your charm,[0.75589883 0.24410112],negative
299,drewryanscott awww thats so sweet  wish you could see yourz 2,[0.13571897 0.86428106],positive
300,whos going out tonight i want to go out  xxx,[0.37977502 0.62022495],positive
301,done with the run  145km  1h33mn  153bpm  feeling great no fatigue and no speed,[0.13571897 0.86428106],positive
302,miguel_n where can i get some,[0.06274323 0.93725675],positive
303,basil will be the highlight of my day ive just had an old man lecture me on the greatness of the telegraph what an idiot,[0.60597855 0.39402145],negative
304,youngnatho lol  blows kiss did u catch it daddy  neways im chillin hun and u i see u up early have u been a sleep,[0.15714386 0.8428561 ],positive
305,jazz_machine lol  good eveningmorningday just to catch everything to you too,[0.6990433  0.30095673],negative
306,actually loves nesquik cereal,[0.40534782 0.5946522 ],positive
307,had a great weekend with one hanging with nick amp brendon church this morning cant believe loretta won the mothers day raffle again,[0.33424237 0.6657576 ],positive
308,its so nice i luv kellyshes such an amazing singer  luv her,[0.49926993 0.50073004],positive
309,going to bedi love the weekends,[0.28546515 0.7145348 ],positive
310,finally home and ready for bed  night,[0.02685516 0.9731449 ],positive
311,nicolejacinto ahh your baby is so cute happy mothers day,[0.549934   0.45006594],negative
312,verflucht thanks,[0.85970765 0.14029232],negative
313,kids  bday partypicnic  in canazarro park  the other half hurts today,[0.05193887 0.9480611 ],positive
314,bryonycatrin hey hey some else has twitter,[0.60597855 0.39402145],negative
315,goebicyu try direct message to me here on twitter,[0.28546515 0.7145348 ],positive
316,happy mothers day     gr8 day,[0.33424237 0.6657576 ],positive
317,actually did progressive studying today,[0.40534782 0.5946522 ],positive
318,john john and i just switched the meaning of pimp to someone who still pwns at halo when theyre wasted  hahahaha another amazing night,[0.6990433  0.30095673],negative
319,amazingphil tweet us a story  x,[0.40534782 0.5946522 ],positive
320,im loving the squarespace tutorial videos real helpful,[0.49926993 0.50073004],positive
321,httptwitpiccom4wu0a  sunny day at vivocity yupz just showered runs into airconditioned mall,[0.33424237 0.6657576 ],positive
322,next movies for me  terminator salvation and transformers 2 gonna be a meka spring this year,[0.549934   0.45006594],negative
323,tsarnick oh yeah im aiming for a 160 on the scorecard today man  im gonna be in vicious mentalphysical pain in a few hours,[0.1293295 0.8706705],positive
324,shopping in keswick,[0.4318371  0.56816286],positive
325,mothers day isnt until the 31th here in swedenbut thnx for the pms,[0.06274323 0.93725675],positive
326,finished essay dinner went well me and my brother acted like kids and had spoon fight  then fought over who woould sit in my sisters lap,[0.02685516 0.9731449 ],positive
327,fooddesigner good luck in the pressure test dont worry everything will be great,[0.02685516 0.9731449 ],positive
328,happy mothers day moms you are wonderful have a great day,[0.33424237 0.6657576 ],positive
329,bettyispretty yes please,[0.60597855 0.39402145],negative
330,spent the night finally relaxing with nogard on wow after finishing some work needed to take a small break from art i really missed this,[0.4318371  0.56816286],positive
331,is looking at that person from a very different pov  never thought id see this day arrive,[0.49926993 0.50073004],positive
332,had an amazing night with my favorite lady friend,[0.33424237 0.6657576 ],positive
333,freshypanda i work with drunk golfers it can be exciting it wasnt bad  yours sir,[0.02685516 0.9731449 ],positive
334,shamim86 cool no wonder you didnt sleep much,[0.4318371  0.56816286],positive
335,0,[0.05215446 0.9478455 ],positive
336,a dutch marketing agency is asking job applicants to apply in 140 characters or less  httpwwwenergizenltwillicitatie,[0.40534782 0.5946522 ],positive
337,my back and legs kill from yesterday and we have a big old leak in the kitchen looks like staying in pjs all day infront of the tv,[0.06274323 0.93725675],positive
338,hopping in the shower  ricandhislife you can help me tidy my room  its a shit hole mums fucking friends,[0.33424237 0.6657576 ],positive
339,getting a puppyyy  what should i name him i think romeo is cute,[0.28546515 0.7145348 ],positive
340,lastoadri or maybe start your own arabic teaching podcast,[0.7088512  0.29114872],negative
341,had a lovely mothers day,[0.33424237 0.6657576 ],positive
342,asym love the unique accordion thief buffs  thank you,[0.40534782 0.5946522 ],positive
343,alright brainerdbaptist lets do this,[0.40534782 0.5946522 ],positive
344,having a y weekend with karen off to swansea today,[0.33424237 0.6657576 ],positive
345,elliejouzdani nothing is going on here is guess,[0.75589883 0.24410112],negative
346,omgosh i just saw hattie wake up must be summer when your garden hedgehog comes out of hibernation,[0.19700253 0.80299747],positive
347,goin to ma cousins soon there dog is soo cute,[0.28546515 0.7145348 ],positive
348,fooddesigner good luck in the pressure test dont worry everything will be great  masterchef,[0.02685516 0.9731449 ],positive
349,reemski might be a while before i get around to it not sure if i will make it flat out in html or through wordpress  fun fun fun,[0.91942966 0.0805703 ],negative
350,donny_b if youre in leeds you can have one from me,[0.13571897 0.86428106],positive
351,zionxpress happy mothers day,[0.86652243 0.13347755],negative
352,while the family is out to mothers day party shannon amp i took a stroll downstairs with the pram shes bathed and happy me too,[0.37977502 0.62022495],positive
353,you want ittt you got ittt,[0.15714386 0.8428561 ],positive
354,dannywood we standing here meeting up with everbody let us kno u kno where here love ya,[0.13571897 0.86428106],positive
355,sosolid2k turtles and shoes make an awesome couple  if only shoes could talk back to the turtle p lol,[0.4318371  0.56816286],positive
356,on way to the wimbledon with sweezle to watch star trek imax baby,[0.19700253 0.80299747],positive
357,rainy day im getting starving dream of hot tea with noodle,[0.91942966 0.0805703 ],negative
358,happy mothers dat,[0.33424237 0.6657576 ],positive
359,like the sound of a tweet,[0.7088512  0.29114872],negative
360,robert_houdin blind faith thats a crackup,[0.91942966 0.0805703 ],negative
361,claire_cordon morning  done a bit more i do have 2 weeks to go but am trying to get most of it done in advance hows you,[0.5588732 0.4411268],negative
362,nelsonsito hi fellow peruvian,[0.549934   0.45006594],negative
363,just got home,[0.6990433  0.30095673],negative
364,robertkazinsky so you should youre a fantastic actor its about time you got some recognition for it,[0.91942966 0.0805703 ],negative
365,randomblonde sounds like me,[0.91942966 0.0805703 ],negative
366,mrnutt blues for me please,[0.06274323 0.93725675],positive
367,wattyz you got it yaaay i was really worried your phone wouldnt fit so glad it does  happy mothers day lol,[0.37977502 0.62022495],positive
368,i am fuckeddamn you lucas at your czech republic beer that tastes like heaven in a bottle your amazing,[0.49926993 0.50073004],positive
369,time to turn the phone off and get a full nights sleep,[0.1293295 0.8706705],positive
370,rove  going to be cut short though to wash my hair so i can watch family guy and harpers island,[0.91942966 0.0805703 ],negative
371,kingref thank u dear,[0.05193887 0.9480611 ],positive
372,imkeshav i love flock on ubuntu,[0.49926993 0.50073004],positive
373,on our way home,[0.19700253 0.80299747],positive
374,goodmorning twitter oh my gosh i woke up soooo nice lol  oh hai thar twitterverse happy mothersday everybody  especially mine,[0.28546515 0.7145348 ],positive
375,im seriously lovin hometown glory by adele about to hop on itunes and snag it,[0.49926993 0.50073004],positive
376,happy mothers day to all moms out there  i just played tongits a while ago,[0.33424237 0.6657576 ],positive
377,happy mothers day to all moms,[0.33424237 0.6657576 ],positive
378,ang cho con hamster mp tp th dc bng cch b vo banh chy lng vng trong phng,[0.40534782 0.5946522 ],positive
379,off to finish the book quotnudgequot then going to write some,[0.19700253 0.80299747],positive
380,trying to not fall asleep while doing ancient assignment drinking some water with ice and lime yum,[0.1293295 0.8706705],positive
381,topdeckjess me thinks the twitter revolution will be a success rove is on  me love rove1974,[0.1293295 0.8706705],positive
382,picseshu there u go,[0.05870679 0.9412932 ],positive
383,morning done my school work doing nothing all day now  what about u twitters,[0.06274323 0.93725675],positive
384,received her first pressie happy happy,[0.91942966 0.0805703 ],negative
385,i found a prom dress,[0.49926993 0.50073004],positive
386,today im working on my quotquirky qquot cue or maybe it will become a concerto,[0.1293295 0.8706705],positive
387,paigeebaby hahha yeahh  like ss on ellen xdd,[0.05870679 0.9412932 ],positive
388,solkana i want to see quottoo fast to transport in 60 secondsquot,[0.4318371  0.56816286],positive
389,fishing on wow while listening to ska on pandora such a lazy sunday morning,[0.02685516 0.9731449 ],positive
390,christinaof94 lol  its like you have a cult haha,[0.5588732 0.4411268],negative
391,firequinito 105all smb possession 334 sec remaining,[0.02685516 0.9731449 ],positive
392,tieraa places to find you if youre not home marilyn and seria beach,[0.1293295 0.8706705],positive
393,hello all my new followers there is suddenly a lot of you so will take a little time to get round to you all,[0.33424237 0.6657576 ],positive
394,my head feels sooooooooooo much better,[0.06274323 0.93725675],positive
395,smilyross do tell,[0.4318371  0.56816286],positive
396,sojanjose4u its working nowits okay,[0.4318371  0.56816286],positive
397,damana was he big and strong  and would he like a pedometer,[0.13571897 0.86428106],positive
398,lady_twitster ohhhh i love morse have every episode on video amp sometimes gaze lovingly at them,[0.7088512  0.29114872],negative
399,i have such fantastic friends including several ones met through here thanks for being in my life  you are such amazing people,[0.49926993 0.50073004],positive
400,comedian cafe sky dining plangi  httpplurkcompsw17j,[0.5588732 0.4411268],negative
401,officialdrake pfft fan this helicopters imaginary penis   hi drake welcome to the real world,[0.19700253 0.80299747],positive
402,brandesme no this is not redirects this is just updating posts on our website massagedk  next item gt publish next item gt pulish,[0.60597855 0.39402145],negative
403,junoluvsu omg thats right hahaha im stupid,[0.6990433  0.30095673],negative
404,fjkeogh ha thats good thats why i love my boys cos they never stir up the hatred that the mighty red scum do  everyone loves city,[0.02685516 0.9731449 ],positive
405,ashleytisdale httptwitpiccom3a5ho  hahaha ily ashley ur like the best in the world,[0.40534782 0.5946522 ],positive
406,kennywormald ohh i was so confusedp i havent seen it its your favourite,[0.05193887 0.9480611 ],positive
407,i think me gettin a physical change,[0.49926993 0.50073004],positive
408,marysarahmusic hey mary this is my twitter  karishmaa1 luvv youu ,[0.06274323 0.93725675],positive
409,is trying to make this sunday last 48hours,[0.49926993 0.50073004],positive
410,wwwmyspacecomfashionisthenextcity  check out and started new tees  limited edition in different ways  check facebook group too,[0.37977502 0.62022495],positive
411,happy mothers day to all the beautful mums,[0.33424237 0.6657576 ],positive
412,niariley follow me too,[0.549934   0.45006594],negative
413,cleaning all day today after he runs off to do his stuff and setting my schedule for the week  i feel much better now and calmer too,[0.5588732 0.4411268],negative
414,is ahhh ching chong wing wong ping pong ding dong,[0.49926993 0.50073004],positive
415,errolbeats  no hamsterfurrey is buttfuck stupid im just silly and forgetful,[0.75589883 0.24410112],negative
416,happy mothers day all you moms,[0.33424237 0.6657576 ],positive
417,happy mothers dayyy,[0.33424237 0.6657576 ],positive
418,who_the_heck haha lol  the english work they doo in college,[0.37977502 0.62022495],positive
419,samanthadepanta doing really well i will stay here as long as is needed  so you can definitely come and visit me look forward too ,[0.4318371  0.56816286],positive
420,beats the heat with cool guava juice in handi water,[0.60597855 0.39402145],negative
421,rustycharm retail paper sounds like a plan  should probably start so somebody will be awake to answer them,[0.91942966 0.0805703 ],negative
422,sarahteaa good girl sarah now weve got ourselves a club,[0.4318371  0.56816286],positive
423,winter flu has to twitter about logies to get noticed haha i love rove,[0.37977502 0.62022495],positive
424,geminiangel24 lol my current mp3 player is a brick it would be nice to have something slim,[0.28546515 0.7145348 ],positive
425,maybe going to see the hannah montana movie todaaaay  ive seen it one time before but cant wait to see it again,[0.06274323 0.93725675],positive
426,terrycafolla i could act in most buffy eps  i have seen them so many times but s1 was shaky apart from eps 1267 amp 12,[0.1293295 0.8706705],positive
427,happy mothers day to all that are all that are trying and all that havent nailed their teenagers to a tree,[0.33424237 0.6657576 ],positive
428,aphrodaisy thanks   im making homemade lasagna for my mum today,[0.40534782 0.5946522 ],positive
429,httptwitpiccom4wua7  i cant wait to see them,[0.33424237 0.6657576 ],positive
430,popstop yeahhhh,[0.05870679 0.9412932 ],positive
431,happy mothers day to all you moms out there,[0.33424237 0.6657576 ],positive
432,finished english very happy watching rove and talking to one of my fav girls tyla i love you,[0.02685516 0.9731449 ],positive
433,happy mothers day everyone still playing pet society,[0.33424237 0.6657576 ],positive
434,walesbirds  great site  the photos on it are fantastic  will be very useful for my visit to pembroke inc skomer in june,[0.37977502 0.62022495],positive
435,yes  before you say it  i know i split a train of thought over three tweets i think the last time was summer 08 it happens sometimes,[0.15714386 0.8428561 ],positive
436,has had a wonderful day with some gorgeous girls followed by dinner and drinks with the swedes,[0.33424237 0.6657576 ],positive
437,blundell07 aye i loved it too  cyntaxerror over analyzed it me thinks,[0.60597855 0.39402145],negative
438,remy_foster,[0.91942966 0.0805703 ],negative
439,twello foodie tweets josepicardo do you fancy coming up to my house and cooking  sounds httptinyurlcomqz88co,[0.1293295 0.8706705],positive
440,laryllan not really d nice pic  lenaaileen no but could u imagine those 2  i thought so,[0.7088512  0.29114872],negative
441,catwoman123 something like that,[0.5588732 0.4411268],negative
442,jason_2008 lol oh dnt worry ul be able to squeeze it soon enough hope you have a good day today,[0.6990433  0.30095673],negative
443,you are my apple and i wana take a bite,[0.15714386 0.8428561 ],positive
444,1842 recalling the events of a great wkend  star trek movie is fantastic zach quinto is hot study shoppingampdinner life is perfect,[0.10972414 0.89027584],positive
445,susancosmos speakgirl thx 4 sharing,[0.4318371  0.56816286],positive
446,richard1988 because you saved the frog i thought i replied to that so it would make sense so how does twitter work  gehts abi gut,[0.91942966 0.0805703 ],negative
447,keep forgetting we only need to revise one topic for the 116 exam its a nice surprise every time i remember though,[0.05193887 0.9480611 ],positive
448,msfantastic776 goodmorningamp happymothers day,[0.06274323 0.93725675],positive
449,at my parents net is good  enjoyin myself too,[0.40534782 0.5946522 ],positive
450,baltarstar hee he looks totally drug addled and handsome  glad you found a clip you could view,[0.60597855 0.39402145],negative
451,all in all a good weekend,[0.40534782 0.5946522 ],positive
452,law week is gonna go the fuck off  so excited,[0.7088512  0.29114872],negative
453,you know when your make late night calls to india team members for more pictures your struggling with your message  thanks angelac519,[0.15714386 0.8428561 ],positive
454,great to be sunbathing in my garden  and this afternoon ill be watching ado to see if they can win this important match on tv,[0.28546515 0.7145348 ],positive
455,alot of new pictures tweets   some really old some new check out the new ones if you wish  tweeeet httptwitpiccom4wtyj,[0.40534782 0.5946522 ],positive
456,is going out in the rain,[0.49926993 0.50073004],positive
457,nigs ah so 15 months im sure he is advanced and its not you being biased  they seem to grow up faster these days  now i sound old,[0.549934   0.45006594],negative
458,ashleyluvsjbvfc lol how many stalkers todayyou just love getting creepy stalkers,[0.40534782 0.5946522 ],positive
459,getting somewhere with my first quotrealquot kiokudb and catalyst app yay,[0.28546515 0.7145348 ],positive
460,glorious sunny day in london town im in drama school fighting people with swords while protecting my romantically structured face,[0.28546515 0.7145348 ],positive
461,mcfly gig last nightt omg it was amazin didnt sit down through the whole thing  mcfly did you see me and ma best mate we were in tutus,[0.06274323 0.93725675],positive
462,daniellebabeyy babe  ive been aight urselff,[0.13571897 0.86428106],positive
463,httptwitpiccom4wuaq  another prof pic,[0.33424237 0.6657576 ],positive
464,oh no its ok  they are coming on just now x],[0.19700253 0.80299747],positive
465,loves the smell of roast in the oven  thanks sharnazzle for the ideas,[0.7088512  0.29114872],negative
466,hopes every1 had a nice mothers day,[0.33424237 0.6657576 ],positive
467,i love you more than youll ever know,[0.49926993 0.50073004],positive
468,lljessicall what did you get  my day is alright havent done anything yet leaving soon to my stepsister though,[0.7088512  0.29114872],negative
469,nukespoon precisely  the more followers you have the more important you feel  httptwitterpbworkscomhashtags explains a bit more,[0.549934   0.45006594],negative
470,robinmatthewfry thats great ill make sure i get a copy,[0.91942966 0.0805703 ],negative
471,yeah lets build an app euruko,[0.15714386 0.8428561 ],positive
472,c_j_davies maybe its time for judith to step up to the plate then,[0.5588732 0.4411268],negative
473,lisahopecyrus xd  hello thats an important date,[0.7088512  0.29114872],negative
474,sanctuarysunday fav character pegasusangel has to be ashley  why cause shes awesome,[0.4318371  0.56816286],positive
475,ok break over back to the books have fun lovelies   httpblipfm5z8da,[0.19700253 0.80299747],positive
476,its mothers dayi already bought and gave my mothers day present to my mother,[0.49926993 0.50073004],positive
477,my girlfriend still likes sesame st and so do i,[0.06274323 0.93725675],positive
478,rebeckela that is no problem i know you will win with the butt kicking as i can see into the future its your destiny jaiho,[0.91942966 0.0805703 ],negative
479,scouserach not today rach,[0.4318371  0.56816286],positive
480,is off to rent soon  hope i can get home tonight though with all the train problems s ,[0.49926993 0.50073004],positive
481,berdtwit thx 4 sharing,[0.60597855 0.39402145],negative
482,sammihouse  awww lol yh it is worth it  mcfly are worth it 2  eekk,[0.4318371  0.56816286],positive
483,ksymmonds lcaller sorry to have missed it yes im a lazy bastard  up but still not dressed,[0.05193887 0.9480611 ],positive
484,listening to the new green day album  fingers crossed,[0.7088512  0.29114872],negative
485,psychicradio thabks this made me feel very special,[0.05870679 0.9412932 ],positive
486,so i finally got my but on twitter lets hope i make good use of this site,[0.4318371  0.56816286],positive
487,morningish  hows everyone,[0.06274323 0.93725675],positive
488,tradinggoddess quotperfect practice makes perfectquot,[0.1293295 0.8706705],positive
489,welcome to all new catvampees enjoy the ride,[0.37977502 0.62022495],positive
490,xo_mcflyandjb in heaven ill go everywhere,[0.3247083  0.67529166],positive
491,travelrants thats cool id be happy to contribute to any future articles enjoy the rest of the weekend,[0.1293295 0.8706705],positive
492,gracechareas okay are you still out if not how was dinner,[0.28546515 0.7145348 ],positive
493,round and round the garden the amazing thing is that hes still talking to me  httprlyccjnfwn,[0.91942966 0.0805703 ],negative
494,alexandraxaxaxa alright im coming  get another spoon ,[0.40534782 0.5946522 ],positive
495,proudly watching my film  httpbitlydp2uh,[0.05870679 0.9412932 ],positive
496,happy mothers day  even though its not in the uk lol,[0.33424237 0.6657576 ],positive
497,chimerax hand up me im going  localgovcamp,[0.5588732 0.4411268],negative
498,oops i meant 9412tr sorry lol,[0.19700253 0.80299747],positive
499,migrating a sybase ase sparc sun solaris based into a solaris x86 based that should be fun,[0.06274323 0.93725675],positive
500,changing guitar strings getting ready to perform the climb at my cousins birthdayy,[0.5588732 0.4411268],negative
501,gets sumthin special but i want more akankah suatu hari ku kan mendapatkannya only god knows,[0.28546515 0.7145348 ],positive
502,we are having a day at home today  which is proving to be rather lovely,[0.37977502 0.62022495],positive
503,just finnished my double cheeseburger it was good  ready to watch the spanish f1,[0.6990433  0.30095673],negative
504,round and round the garden the amazing thing is that hes still talking to me  httptinyurlcomdx8as4,[0.91942966 0.0805703 ],negative
505,happy mothers day to all the mamas out there,[0.33424237 0.6657576 ],positive
506,yay a live demo of rhodes loving this more and more  euruko,[0.15714386 0.8428561 ],positive
507,awesome sunday service  god is for you jesus is praying for you  what can man do to you,[0.40534782 0.5946522 ],positive
508,sh4rkship thanks for the follow,[0.4318371  0.56816286],positive
509,asmita it is very cheeky one but nice too,[0.40534782 0.5946522 ],positive
510,mariment macangel visionaryeyes thanks so much,[0.06274323 0.93725675],positive
511,nezorousylex hey  not much you,[0.549934   0.45006594],negative
512,familyguyonline thanks for following ,[0.02685516 0.9731449 ],positive
513,michaelmagical oh its dinner time here still sulking over missing your fillet min   sob so having tea amp toast,[0.06274323 0.93725675],positive
514,nickmovs omg im tweeting sooo late sorry i miss u 2 good times no i didnt marry him still great friends,[0.549934   0.45006594],negative
515,andistancu un mesaj de eroare forbiddenyou dont have permission to access photo3180758jpg on this server am ghicit,[0.40534782 0.5946522 ],positive
516,sweet_libertine um glad you enjoyed it,[0.4318371  0.56816286],positive
517,yesterday was the 1 year anniversary of the best day ever yay mcr,[0.15714386 0.8428561 ],positive
518,i dont think our isp is too happy with us this weekend,[0.49926993 0.50073004],positive
519,jessicasimpson httptwitpiccom4wb8q   gooood,[0.6990433  0.30095673],negative
520,httpsnipurlcomhq0n1 just printed my mom an amazon gift card  for happy mothers day talk about last minute,[0.33424237 0.6657576 ],positive
521,my darling dd says quotmy mum is my best friendquot and she told me to tell you all she said that in here too  so i did love ya moo jd too,[0.06274323 0.93725675],positive
522,j4mes_c ive sorted it now operating system and all apps are on a seperate 60gb drive,[0.6990433  0.30095673],negative
523,scottrhodie so you liked it glad to hear,[0.4318371  0.56816286],positive
524,just finished some sunday cleaning waiting to read the next chapter of kiyosakis book so i can hit a cleaner,[0.6990433  0.30095673],negative
525,has finally started his serious revision  has just completed an english bg mock,[0.33424237 0.6657576 ],positive
526,ciaag3nt thats great  hugs,[0.5588732 0.4411268],negative
527,early bird gets the worm  and in my case birder gets to witness the carnage,[0.75589883 0.24410112],negative
528,happy mothers day be good to your mommas,[0.33424237 0.6657576 ],positive
529,thebeaddoodler you are welcome  i love cute stuff,[0.1293295 0.8706705],positive
530,off to do some gardening and get lots of fresh air  i love sundays,[0.19700253 0.80299747],positive
531,speakerphone with the bestie  love that kid httptinyurlcomqxyc2n,[0.4318371  0.56816286],positive
532,teabot use the facial recognition feature in ilife 09,[0.1293295 0.8706705],positive
533,bellisma can we please,[0.60597855 0.39402145],negative
534,rove1974 lol  the cards so very very wrong,[0.91942966 0.0805703 ],negative
535,greeting again every momma  happy mommas day,[0.28546515 0.7145348 ],positive
536,sassyback you were right about karla not the best movie made,[0.4318371  0.56816286],positive
537,collabro wjphlip called quotcaliforniaquot was another hot one,[0.5588732 0.4411268],negative
538,kristyslater this has been like the never ending storyall i seem to be doing is packing and now unpacking soon over great here,[0.05193887 0.9480611 ],positive
539,jennifalconer i was happy to see on something for the weekend that flight of the conchords is back on bbc4,[0.6990433  0.30095673],negative
540,ficklampa isnt msn in this case a lot easier hahaha,[0.02685516 0.9731449 ],positive
541,brazilianlinda whoops totally read that wrong ahem yes i am participating in the 10 day may madness my ebook is up there,[0.60597855 0.39402145],negative
542,cleaning day,[0.5588732 0.4411268],negative
543,kekic lmao i know  pleaseeee reply  you got any replies yet l x,[0.05193887 0.9480611 ],positive
544,cristinica21 kill her,[0.5588732 0.4411268],negative
545,happy mothers day to all moms and pseudo stepmoms,[0.33424237 0.6657576 ],positive
546,langfordperry woah in the uk it isnt mothers day werid ive been watching friends all day helps me revise oh and 17 again is awesome,[0.7088512  0.29114872],negative
547,learn to fly higher  httptinyurlcom30tools,[0.7088512  0.29114872],negative
548,just got back from footy thankgod eagles won,[0.6990433  0.30095673],negative
549,enough already about wolfram alpha the next google or the next cuil httpbitly6hesz,[0.75589883 0.24410112],negative
550,mizfitonline lance02 morning  happy mothers day miz  thank you lance,[0.06274323 0.93725675],positive
551,kevinmoreland hello,[0.05193887 0.9480611 ],positive
552,is looking forward to revision sessions in cassio parkcafe nero depending on the weather with mikey_montana  x,[0.49926993 0.50073004],positive
553,omg i didnt even know my friend knew ijustine  lol its a small world,[0.19700253 0.80299747],positive
554,leeye yep trying to beat the cold winter morning swim is always refreshing good start of day,[0.7088512  0.29114872],negative
555,gabehumble tysm but i just made uploaded one so its okay but lol im looking thru your pics now  il the just wanna fuck shit up one lmao,[0.28546515 0.7145348 ],positive
556,twitter is kinda confusing  but fun,[0.1293295 0.8706705],positive
557,just finished some sunday cleaning waiting to read the next chapter of kiyosakis book so i can hire a cleaner,[0.6990433  0.30095673],negative
558,claytonmorris thank you clayton going to my favorite greek resturant after church for moms day  loved you on huckabee,[0.5588732 0.4411268],negative
559,thinking of summer,[0.1293295 0.8706705],positive
560,breatheprod maya kibbel does not have a facebook or myspace page,[0.60597855 0.39402145],negative
561,my mom was happy with my present  yayy,[0.06274323 0.93725675],positive
562,jae878 aha thanks jae,[0.6990433  0.30095673],negative
563,book now amp savesummer 2009  the amazones village suitescretegreece the best place to be,[0.60597855 0.39402145],negative
564,ssshhh everybody i think dagadong is asleep dont disturb him,[0.4318371  0.56816286],positive
565,im at scotts being a fatty,[0.49926993 0.50073004],positive
566,finally going to bed after staying up reading the script for quotremember mequot so sad but sooo good happy mothers day to all the mothers,[0.02685516 0.9731449 ],positive
567,frankiemuniz hey there hope youre all right just watching f1 warm up for gp spain,[0.02685516 0.9731449 ],positive
568,spent some time with the guild wars 4th birthday update menagerie is a welcome new feature for rangers anyway,[0.4318371  0.56816286],positive
569,mcflys bus driver told my dad yday that dougie is smitten with frankie awwwwwww also we are going outside to have a lawn party  lol xx,[0.06274323 0.93725675],positive
570,ash_786 its no secret im an apple boy have considered the iphone dark side many times,[0.40534782 0.5946522 ],positive
571,codelust prolificd caught me at lunch today you were correct of he stalking me,[0.5588732 0.4411268],negative
572,favecolourpink  and to you too how are you today,[0.02685516 0.9731449 ],positive
573,is having a loungey sunday,[0.49926993 0.50073004],positive
574,samjmoody debbiefletcher happy mothers day xx,[0.4318371  0.56816286],positive
575,work 7 to 4 happy mothers day,[0.37977502 0.62022495],positive
576,revision continues getting so bored and tired i cant wait to get out and do interesting things only a week and half left though,[0.91942966 0.0805703 ],negative
577,follow me,[0.02685516 0.9731449 ],positive
578,finally finished my moms card took so long getting all the pictures it looks good though im happy amp cant wait til she sees it,[0.02685516 0.9731449 ],positive
579,dans public transport again and have decided its just everything north of london thats utter crap these southern trains are alright,[0.13571897 0.86428106],positive
580,dalekwidow im hearing lots of good things about the new trek movie ill see if my dad quota fellow trekyquot would like to see it,[0.13571897 0.86428106],positive
581,goibhniu yeah i agree it does  btw check out linuxoutlaws ,[0.28546515 0.7145348 ],positive
582,madilovesmerder yeahh i loved it how addie was being supportive  and in s3 epi4 when addie was like to der quotdont hurt her againquot,[0.06274323 0.93725675],positive
583,just woke up and catching up on the nightly tweets,[0.6990433  0.30095673],negative
584,luebue thanks  agree  httpbitly7vikc,[0.7088512  0.29114872],negative
585,happy mother day for all the strong hard working mothers may god bless you and your family,[0.33424237 0.6657576 ],positive
586,suivez moi    follow me everybody,[0.4318371  0.56816286],positive
587,zjelektra thats how it is supposed to be and sometimes we get too busy to recognize that but always family after god,[0.86652243 0.13347755],negative
588,ashestoashessn2 fab eh  feel free to come along for some preep 4 chat and drinks over at luigis  httpwwwluigisorguk tomorrow,[0.40534782 0.5946522 ],positive
589,rustycharm seems that you samnzed and i are all exbaristas  commonalities ftw,[0.91942966 0.0805703 ],negative
590,happy mothers day to all the beautiful moms out there  a day to cherish the best women in our lives,[0.33424237 0.6657576 ],positive
591,nicolemissnikki hi lady sorry for the delayed response appreciate the luvwill be in to this month hows everything going with you,[0.549934   0.45006594],negative
592,aned well thank you ill try and remember to put it somewhere,[0.40534782 0.5946522 ],positive
593,nomaditation  oo uop psdn d sssn s u   p o p no uun q op u o o  oo o  o sn,[0.549934   0.45006594],negative
594,hey mates i just came home from the beach  im hella tired it was a 4hour ride,[0.33424237 0.6657576 ],positive
595,krissysalisbury morning thats not mean thats just smart,[0.05193887 0.9480611 ],positive
596,joelmadden people from england can watch this one  thankyou,[0.6990433  0.30095673],negative
597,im an avid fan of playboy magazine and i love your magazines,[0.49926993 0.50073004],positive
598,watching f1 i live near montmel im so excited about this race,[0.37977502 0.62022495],positive
599,bopuc kinda the same here maybe just a damn good coffee same dilemma tho,[0.60597855 0.39402145],negative
600,happy mothers day to all your moms,[0.33424237 0.6657576 ],positive
601,peterpaega you better believe it  tigers09champs and i wouldnt miss it for the world,[0.05870679 0.9412932 ],positive
602,blokeslib i look forward to that if u ever write 5 things a misanthrope must do to be at peace w humanity im up for that as well,[0.60597855 0.39402145],negative
603,stupid alarm lol morning twiits,[0.4318371  0.56816286],positive
604,mzfuller8 mynervouscharm littlebirds sonsah i hope you all have a happy mothers day,[0.06274323 0.93725675],positive
605,carrotmadman6 sjdvda morinn the folks at mbb are no  longer reviewing blogs long time i have read a new blog review,[0.5588732 0.4411268],negative
606,ironlantern yup and pulseim is withstanding the hits so far,[0.49926993 0.50073004],positive
607,makikaysantos httpbitlyizhdy  here looove,[0.06274323 0.93725675],positive
608,benway08 mmm but nothing i can do lucky ive got great friends like u to cheer me up,[0.60597855 0.39402145],negative
609,right im off for a shower my little treasures ill see you later on,[0.91942966 0.0805703 ],negative
610,13 hours til im on a plane ahhh yay,[0.10972414 0.89027584],positive
611,just woke up still in bed  sundays r the shit its the do nothing day of the week,[0.6990433  0.30095673],negative
612,last night bad guys tried to enter in my garden  i was alone and i really got scared now i feel really stupid not funny,[0.7088512  0.29114872],negative
613,had such a boss night out,[0.33424237 0.6657576 ],positive
614,documentally he was always a bit smug as a whistleblower the 911 denial stuff is pretty spectacular too,[0.13571897 0.86428106],positive
615,long night sleeping now,[0.7088512  0.29114872],negative
616,reivad sos the smell of cigarettes and alcohol at least i  like it,[0.91942966 0.0805703 ],negative
617,usagiii sweet  i should have something new to show you by then too,[0.25384602 0.746154  ],positive
618,httptrimkxcl immigrant hid passport in pants what a genius,[0.33424237 0.6657576 ],positive
619,happy mothers day to all my favorite moms,[0.33424237 0.6657576 ],positive
620,looosie agfest it was pretty awesome loads of people were there lol,[0.7088512  0.29114872],negative
621,joechacko thx i became ibm master inventor in 2008 really enjoyed your blog particularly with the vegan tag,[0.6990433  0.30095673],negative
622,here we go again back to work happy mothers day to all  peace,[0.33424237 0.6657576 ],positive
623,listening to apparat about to make bacon and eggs  surprisingly functional this morning,[0.7088512  0.29114872],negative
624,dangerjoe hey mr danger,[0.13571897 0.86428106],positive
625,jameshancox i dont know why but i can only find miss matched socks during winter i mean where do they all go,[0.6990433  0.30095673],negative
626,gm tweeters happy mothers day to the mothers and pretend mothers out there,[0.28546515 0.7145348 ],positive
627,had a great talk with tony this afternoon were going to give it another go,[0.33424237 0.6657576 ],positive
628,for us tweeps dont forget to call your mom today,[0.02685516 0.9731449 ],positive
629,almost lunch time,[0.40534782 0.5946522 ],positive
630,happy mothers day  gtgtgt a rose for you,[0.33424237 0.6657576 ],positive
631,rebekah_mcfly how cool will that be  she is so nice bless her] so what ya upto love you l xoxox,[0.91942966 0.0805703 ],negative
632,happppppyyyy mothersdayyyyyyyyy  mummy you are the best,[0.33424237 0.6657576 ],positive
633,mood was way too much fun lol  i love to dance techno  lt3  lifelovestress ampamp set backs lt3 gnite,[0.06274323 0.93725675],positive
634,9 hours and 10 mins until i can go home and sleep  i hour till i have to go to work  cant wait for 5 days off this week,[0.5247081  0.47529194],negative
635,mutantsounds i was think of something with a better view but i am on a tight budget,[0.06274323 0.93725675],positive
636,feels like warm things,[0.02685516 0.9731449 ],positive
637,halibrahim europe sounds gr8 will finish my exam on teus and then well  talk about it,[0.33424237 0.6657576 ],positive
638,just woke up hopefully going to see the xmen film today,[0.6990433  0.30095673],negative
639,terry_allison catch you later terry,[0.1293295 0.8706705],positive
640,happy mothers day to all you mom out there,[0.33424237 0.6657576 ],positive
641,waiting for my mum to come back with me pasty,[0.37977502 0.62022495],positive
642,look up our youtube jessandnicolemusic we are new leave comments and subscribe  thankyou x,[0.7088512  0.29114872],negative
643,missxmarisa yeah i think youre hyper enough girly,[0.06274323 0.93725675],positive
644,marius101 right  making compromises is what kills us,[0.06274323 0.93725675],positive
645,ps liam were going to look like tools on the train to the city  hopefully we can scare some old people,[0.05870679 0.9412932 ],positive
646,3500 downloads for quickpwn 30b5 with cydia thanks for playing,[0.35336488 0.64663506],positive
647,ahh sunshine  just deleted 404 spam emails from 2 days  now off to bbq in sun  wonderful,[0.40534782 0.5946522 ],positive
648,is it ok to send iflowers to your mom for mothers day trough this iphone app httptrimkwnx,[0.49926993 0.50073004],positive
649,ah midday  great time for breakfast,[0.40534782 0.5946522 ],positive
650,ashsimpsonwentz httptwitpiccom2uzx4  haha his heads bigger than yours awwwh lol,[0.40534782 0.5946522 ],positive
651,quotyou said quotdarling what happened did i fall asleep and you carry me home cuz i know i wasnt herequotquot goodnight twitterererers,[0.7997936  0.20020643],negative
652,ncreations mbb has been cryopreserved may return in the future,[0.549934   0.45006594],negative
653,abbeyemm haha if you like him then you should go,[0.40534782 0.5946522 ],positive
654,yoga_fan been busy trumping your cheese omlette with a cheese and chili omlette an omnomlette,[0.15714386 0.8428561 ],positive
655,its a lovely 58 degrees right now at 7am  amazing enjoy melting vegas l,[0.49926993 0.50073004],positive
656,natburleson nope  husband is golfing amp tornado amp i are playing im so spoiled everyday esp last sunday tattoo ,[0.549934   0.45006594],negative
657,mothers day drama was awesome,[0.06274323 0.93725675],positive
658,astaldoia definitely something with eggs  yummy,[0.40534782 0.5946522 ],positive
659,happy mothers day to those of u that are mothers and happy mothers day to all of your mothers      i miss my mom,[0.33424237 0.6657576 ],positive
660,yay i should be able to make it to 700 updates tonight  lame compared to other ppls i know lol,[0.15714386 0.8428561 ],positive
661,bobbinrob sparkly peen for the win it solves all of lifes problems,[0.60597855 0.39402145],negative
662,philippajane the quotno pantsquot idea could be the new attempt worldwide to attract business back to the airlines,[0.05870679 0.9412932 ],positive
663,btillo hehe  thanks for your advice  i choose the shoes only three of them so hard ,[0.60597855 0.39402145],negative
664,lennykravitz  hey lenny we are waiting you in bulgaria again soon the concert last year was omg,[0.7088512  0.29114872],negative
665,peacediva nice what r ur plans for 2day oh n happy mothers day if u happen 2 b a mother,[0.05870679 0.9412932 ],positive
666,sunday morning and i realised im a film snob  as it said on msn entertainment,[0.4318371  0.56816286],positive
667,jolly good last night,[0.6990433  0.30095673],negative
668,my laptop grew speakers now i can watch charlie with the sound on,[0.06274323 0.93725675],positive
669,sloanyxxx thanks,[0.4318371  0.56816286],positive
670,but i keep updating,[0.60597855 0.39402145],negative
671,lisahopecyrus i know shes great  the climb is sooo good,[0.7088512  0.29114872],negative
672,chillaxing in hyde park,[0.5588732 0.4411268],negative
673,love sundays especially when f1 is on still in pjs no plans to get out of them any time soon,[0.7088512  0.29114872],negative
674,lljessicall sounds goood,[0.7088512  0.29114872],negative
675,red_hawt so hows the fitness regime coming along hehehehe,[0.91942966 0.0805703 ],negative
676,twistedhelen i emailed you back baby   how goes,[0.1293295 0.8706705],positive
677,timmytenga awesome im looking at sourcing some as well,[0.1293295 0.8706705],positive
678,hellooooooo whats the scene people ,[0.33424237 0.6657576 ],positive
679,n00rtje thanks  ill explain on msn or something p and i hate spiders too what happened one attacked you xd,[0.549934   0.45006594],negative
680,and i am off to my sisters to partyyyy,[0.40534782 0.5946522 ],positive
681,httptwitpiccom4wuko  this is teddy bear we might be getting him  isnt he so cute,[0.33424237 0.6657576 ],positive
682,the sun is out can you believe it,[0.1293295 0.8706705],positive
683,lindseyrainbow save me one,[0.7088512  0.29114872],negative
684, good morning peoplee  looks like its going to be a nice day today better than last week it was raining ,[0.35432804 0.645672  ],positive
685,ksymmonds we can compare horror stories mate lol,[0.05193887 0.9480611 ],positive
686,httptwitpiccom4wukt  we bought ludi her own rug dogs are the best,[0.33424237 0.6657576 ],positive
687,going to hong kong tonight hope i can sleep in the airplane worth case i have the last g musso to read,[0.28546515 0.7145348 ],positive
688,is loving the magic pens,[0.49926993 0.50073004],positive
689,my english is broken,[0.06274323 0.93725675],positive
690,just made breakfast for her mom,[0.6990433  0.30095673],negative
691,more beans on toast for breakie gotta clean my room and study for final cisco exam then watch lost  cant wait,[0.06274323 0.93725675],positive
692,happy mothers day,[0.33424237 0.6657576 ],positive
693,agoodstein timknapton what good role models  i like how yinz think,[0.40534782 0.5946522 ],positive
694,sarahjpin good workive only just managed to turn my studio on i envy your productivity,[0.4318371  0.56816286],positive
695,emilybaranowski congrads on engagementbridal shower sounds like fun for upcoming quotjump out of the audiencequot  wd love to join in,[0.75589883 0.24410112],negative
696,dawnmarieh excellent  you got a name for him yet dont forget to twitpic him,[0.13571897 0.86428106],positive
697,jamsyyy sheeradjafar my class will be at chem sc building will see the both of you after 5 yeah,[0.6990433  0.30095673],negative
698,ashsimpsonwentz httptwitpiccom2sw4v  i love both your hairsss,[0.40534782 0.5946522 ],positive
699,httptwitpiccom4wukz  at covershots kelana jaya for carter amp nicoles wedding,[0.33424237 0.6657576 ],positive
700,thats it my local coffeeshop has sold me shitty stuff for the last time im quitting,[0.1293295 0.8706705],positive
701,gustaf_nk wouldnt call that cool or dangerous reckon it fits into the stupid category,[0.28546515 0.7145348 ],positive
702,happy mothers day to all the mums out there,[0.33424237 0.6657576 ],positive
703,bobby_rey nah you do it really gradually with ptfe tape so goes up 01 mm at a time ive been doing it for years i love it  x,[0.60597855 0.39402145],negative
704,maggiemelba good morning hun i will promise  glad you like em have a lovely day o,[0.06274323 0.93725675],positive
705,when we got more followers we gonna have a competitionhope you all look forward ,[0.37977502 0.62022495],positive
706,bggrice home now and added a few more grices to my list,[0.60597855 0.39402145],negative
707,happy mothers day what are you doing for your mama today,[0.33424237 0.6657576 ],positive
708,sarahg lmao  that would have taken me at least a week,[0.4318371  0.56816286],positive
709,headache is gonethank godtime for tea i think,[0.33424237 0.6657576 ],positive
710,sarahhh3 ill call you on my home phone to your home phone    after dinner tho coz im almost ready to eat is that ok xx,[0.4318371  0.56816286],positive
711,abzquine oh and source a sleeping bag,[0.40534782 0.5946522 ],positive
712,johnbirmingham yay so the nekkid writing is working thenyou keep warm now am in awe of the 6k  am always cactus by 5 good luck,[0.6990433  0.30095673],negative
713,happy mothers day  my mum  also to my sis kamyisonfire and my quotmumquot jess ahah,[0.33424237 0.6657576 ],positive
714,mneylon im doing an experiement,[0.06274323 0.93725675],positive
715,some relaxation so much things on my list but really not that much,[0.4318371  0.56816286],positive
716,heaos keen for next weekend        mummy lt3,[0.33424237 0.6657576 ],positive
717,why do we even live on this earth  i wanna live on mars ,[0.37977502 0.62022495],positive
718,thanks to soultravelers3 marcphotoshow worldtravelblog cthechange annaphoto new followers,[0.1293295 0.8706705],positive
719,nataliefisher i like the idea of eliminating bludgers and beaters just tackling ppl makes it nearly as dangerous as book quidditch,[0.549934   0.45006594],negative
720,pembsdave wheniwerealad can you explain how that worked lol  and no rude  explanations pleeezzze,[0.05870679 0.9412932 ],positive
721,rhettroberts i taped them when i was still at school they look pretty retro now but the theme song is still recognisable,[0.91942966 0.0805703 ],negative
722,emmaloid you hungover never  i am not hungover amp i dont know how i think it may be my new superpower is la whalen at home xxx,[0.75589883 0.24410112],negative
723,waiting for the battery to charge for my new dslr,[0.37977502 0.62022495],positive
724,is watching the jonas brothers special on sky movies,[0.49926993 0.50073004],positive
725,realshamu wow that is great ill do that  sorry for the misunderstanding and see you soon going to orlando in two days ,[0.91942966 0.0805703 ],negative
726,beepin328 well thats good study is good,[0.60597855 0.39402145],negative
727,omg srry guys im not 2 focused this morning but some ppl have been askin questions bout me on direct msgs n such so ima answer them,[0.19700253 0.80299747],positive
728,carocat  1300 is kickoff the red cars hopefully,[0.5588732 0.4411268],negative
729,zanna85 i changed my mind dammit a tsar can change his mind at any time without no prior notice,[0.86652243 0.13347755],negative
730,fear crept in but its already been dismissed now let me do this thing right coz this time the feelings are there and its so different,[0.02685516 0.9731449 ],positive
731,morning all finally got to stream media from pc to ps3 via wireless router much easier than using a usb dongle ah techy simplicity,[0.06274323 0.93725675],positive
732,searching my home for a few things to cook them for dinner this evening its mothers day so guess who im eating with,[0.4318371  0.56816286],positive
733,i wish the birthday massacre would come to australia  i think they said theyre thinking about it though,[0.49926993 0.50073004],positive
734,timlichfield alreet chap have an awesome time n congrats on it recent results,[0.1293295 0.8706705],positive
735,happy mothers day  ugh sickschool tomorrow  watched enews keeping up with the kardashians and dreamgirls,[0.33424237 0.6657576 ],positive
736,had a great time celebrating mothers day  to me being a mom is the best job on earth,[0.33424237 0.6657576 ],positive
737,zanna85 almost almost thanks on the quotgood savequot z,[0.86652243 0.13347755],negative
738,juz donated booksmags 4 charity not only do i feel good but it gave me a good workout from all that heavy lifting,[0.6990433  0.30095673],negative
739,aussiemcflyfan shes not dead yet,[0.40534782 0.5946522 ],positive
740,camillapierry better than throwing them out,[0.5588732 0.4411268],negative
741,last drops of the thesis god let it end today,[0.7088512  0.29114872],negative
742,hairrocks happy birthday,[0.33424237 0.6657576 ],positive
743,twitwoo i can tweet from my phone,[0.1293295 0.8706705],positive
744,watching click they are talkin about twitter and celebritytweet  im just gonna get ready for work,[0.37977502 0.62022495],positive
745,cheekykerri defo cant wait we will have a nice afternoon and some music,[0.5588732 0.4411268],negative
746,digitalpainted oh mann das ist super lustig  du armer macs age 2 months battery charging no garantiefall,[0.13571897 0.86428106],positive
747,home from whitneys no sleep church in a bit danggggim tired but it was worth it,[0.33424237 0.6657576 ],positive
748,rove1974 tell pete he looks sexy with a beard,[0.91942966 0.0805703 ],negative
749,is playing mybrute  follow me at httpyhana09mybrutecom,[0.49926993 0.50073004],positive
750,macquid oh really,[0.06274323 0.93725675],positive
751,im surfin,[0.49926993 0.50073004],positive
752,sociology is done english and biology left im going to die,[0.4318371  0.56816286],positive
753,insteadofdeath this is really helpful  you swear a lot i just realized haha,[0.49926993 0.50073004],positive
754,sadknob ok happy to hear that you are feeling fine,[0.4318371  0.56816286],positive
755,firefly weekend on scifi channel  im a happy man,[0.02685516 0.9731449 ],positive
756,pinkdaze yes that sounds like a great idea message me on lj about it,[0.05870679 0.9412932 ],positive
757,rt bact barcampbkk3 for entertainment at night bring your favourite mp3s  there should be a way we can enjoy music together,[0.91942966 0.0805703 ],negative
758,in bed watching rove,[0.49926993 0.50073004],positive
759,celebrating mothers day with apple pie,[0.5588732 0.4411268],negative
760,happy mothers day ladies hope you all have a wonderful day,[0.33424237 0.6657576 ],positive
761,davepenny47 actually i also thought mothers day was may 31st until i was remembered of pentecost  uselessly complicated i would say,[0.13571897 0.86428106],positive
762,cssglobe hahah you own labhr  i own labba seems that we think in similar ways,[0.5588732 0.4411268],negative
763,halia smile everything worked out,[0.33424237 0.6657576 ],positive
764,ethmet hello  hehe yup we sure do lovely to see you xx,[0.75589883 0.24410112],negative
765,xxxrobyn yeah fingers crossed,[0.3247083  0.67529166],positive
766,rustycharm evening  yorkshires warm but overcast hows nz dont tell me  dark lol,[0.91942966 0.0805703 ],negative
767,sensation ocean of white portugal absolutely amazing  adoreiii,[0.4318371  0.56816286],positive
768,[o] i wish the birthday massacre would come to australia  i think they said theyre thinking about it tho httptinyurlcomp6lfch,[0.35432804 0.645672  ],positive
769,doing the andy dance  the one on fonzie gomez show  haha,[0.13571897 0.86428106],positive
770,is freaking exhaustedneed to go to bedgotta get up early yuckhappy mothers day to all you mommies out there,[0.49926993 0.50073004],positive
771,joy949 thanks for promoing the show for me in my absence  glad you liked it sealfur and flipthetape rock,[0.6990433  0.30095673],negative
772,tinja69 lol fine i go for her too,[0.1293295 0.8706705],positive
773,shezababe star trek me nah my dad is one for star trek right enough today im off to see corlaine much more my style shezz,[0.4318371  0.56816286],positive
774,bitchface91 well im hving another one today yey,[0.60597855 0.39402145],negative
775,50 kaylalee i think your the only one that knows what that number means lol  x,[0.12843606 0.871564  ],positive
776,photomedia assignment thanku mum for the tea  thanku shower for making me feel clean,[0.05870679 0.9412932 ],positive
777,happy mothers day god bless you amp all mothers worldwide mother nature  technology emotion in motion,[0.33424237 0.6657576 ],positive
778,hmmmmm have exactly one hour to do three pieces of coursework no motivation just gonna watch mcfly then ill do it,[0.33424237 0.6657576 ],positive
779,happy mothers day,[0.33424237 0.6657576 ],positive
780,misstoniii so glad im not at uni anymore,[0.06274323 0.93725675],positive
781,irishpixie36 ok im off to pc world then  x x tweet u later x x lol,[0.49926993 0.50073004],positive
782,says gud eve guys lets play pokerfacebook yeah cant read my poker face  httpplurkcompsw4yq,[0.4318371  0.56816286],positive
783,missxmarisa then i guess that makes me dot,[0.06274323 0.93725675],positive
784,but no i really do long exposures with no tripod not looking through the viewfinder unfocusing its great,[0.60597855 0.39402145],negative
785,whats your name adelaidemarie how old r u 14 where do u live in the world  lol i jk canadatoronto,[0.37977502 0.62022495],positive
786,twistedhelen her son is 7 and captured it outsidethank god i have a little girl,[0.1293295 0.8706705],positive
787,is so  just made a card 4 my mom   cant wait to see the smile on her face when she sees it,[0.49926993 0.50073004],positive
788,wendy_fred6 shivers with fear,[0.37977502 0.62022495],positive
789,21five would love to hear all of this from a nokia perspective,[0.26366603 0.73633397],positive
790,exhilarating haha not always just a 2daytrip for a friend but ive been here some times thats why i know basic japanese,[0.75589883 0.24410112],negative
791,rajasen sports bar shatranjanpoli rest ph 26498457 all sports bar andheri w 26733333 dont know whether that helps google ki jai ho,[0.91942966 0.0805703 ],negative
792,ram014  thanksbut what happened,[0.91942966 0.0805703 ],negative
793,man i hate church has to be done though i like the way it makes other people feel good,[0.06274323 0.93725675],positive
794,kellywilliams4 on what,[0.05193887 0.9480611 ],positive
795,is surfin,[0.49926993 0.50073004],positive
796,thinking about recent job opportunities and hoping to get one and gettng ready for church,[0.1293295 0.8706705],positive
797,chris_hayward go two way mirrors,[0.5588732 0.4411268],negative
798,leah_dizon its a little late but congratulations leah  happy mothers day,[0.7088512  0.29114872],negative
799,camen_marris i know ill have to get some soon,[0.5588732 0.4411268],negative
800,sensationpt sensation ocean of white portugal absolutely amazing  adoreiii,[0.4318371  0.56816286],positive
801,hernameisnicki is it o im gonna get that,[0.33424237 0.6657576 ],positive
802,heaps keen for next weekend     mummy lt3,[0.33424237 0.6657576 ],positive
803,obama last night quotmost of you covered me all of you voted for me apologies to the fox tablequot       httpbitlybgcnw,[0.19700253 0.80299747],positive
804,puppetguy indeed we live a life on the edge of things and one foot foul of the law,[0.05870679 0.9412932 ],positive
805,rockeye well i did put in a good inningssweared at the brother in lawwas in fine form,[0.91942966 0.0805703 ],negative
806,kateblogs its never too late  they just need to buck their ideas up and stop being such a bunch of stuffy old reactionaries,[0.05193887 0.9480611 ],positive
807,home  home  last  time to step outside for some life,[0.33424237 0.6657576 ],positive
808,stellar_mc string out the dress work that into a track please what do u have coming up im ur biggest fan,[0.4318371  0.56816286],positive
809,greeting you all a happy mothers day,[0.28546515 0.7145348 ],positive
810,idibs oh a really good 1 dude thx added,[0.49926993 0.50073004],positive
811,cook  do you wanna measure my dick its daddysize,[0.5588732 0.4411268],negative
812,omg am luat examenul la spss me so happy,[0.19700253 0.80299747],positive
813,akashathekitty ive read about those theyre cool you should definitely get one,[0.40534782 0.5946522 ],positive
814,renagades have a great day if the rain keeps up i may go swimming instead of dining here,[0.91942966 0.0805703 ],negative
815,capricorn_one could use garageband though its probably overkill,[0.5588732 0.4411268],negative
816,chillingoutnow just testing how to work twitter from my phone,[0.5588732 0.4411268],negative
817,from hyderabad blues 2 on mimicking the american accent you wont be an ass if you roll your rs,[0.02685516 0.9731449 ],positive
818,happy mothers day,[0.33424237 0.6657576 ],positive
819,is going to go get some food,[0.49926993 0.50073004],positive
820,histapleface answer my really cool questions,[0.33424237 0.6657576 ],positive
821,mike_wesely he he   love it,[0.06274323 0.93725675],positive
822,it takes nearly 2 days to figure out what causes the mic problems at euruko do not hold the mic at the bottom,[0.49926993 0.50073004],positive
823,chrispringle luke m here thanks ps chris ur husband is pretty cool i reckon sorry u were feeling sick and hope you feel better soon,[0.5588732 0.4411268],negative
824,up early so washed and waxed the car im sure the neighbours think im mad i wash it nearly every week,[0.25384602 0.746154  ],positive
825,really bored today just ate a bowl ful of rasberries and grapes now im waiting for my dinner,[0.91942966 0.0805703 ],negative
826,ascrivner come over to my place for a cup of tea,[0.40534782 0.5946522 ],positive
827,sophieamy yer oh thats gay cause u hell need to post more haha so we can talk,[0.4318371  0.56816286],positive
828,rasga yep httpbitly15yyid  we go there for christmas treats,[0.91942966 0.0805703 ],negative
829,ssisch hmmm sisch amp sound design so when you say soon you mean weeks,[0.4318371  0.56816286],positive
830,cant sleep tonight  oh see ya bye,[0.5588732 0.4411268],negative
831,juniesgurl woohoo  my broom isnt up to standardsthere is no seatbelt on minewhispers  i like the swiffer,[0.6990433  0.30095673],negative
832,hoopsiscrazy u think web design wld go down well at the international brotherhood of magicians maybe the magic was a success at sxswi,[0.33424237 0.6657576 ],positive
833,happy mothers day,[0.33424237 0.6657576 ],positive
834,watching bolt with my brothers and my mom,[0.37977502 0.62022495],positive
835,happy mothers day everyone,[0.33424237 0.6657576 ],positive
836,is going to spend the day with the in laws,[0.49926993 0.50073004],positive
837,assignment actually looking pretty decentso glad i changed my topic at the last minute,[0.40534782 0.5946522 ],positive
838,debbiefletcher haha ill try that next time hes up north  thanks for the tip xxx,[0.13571897 0.86428106],positive
839,kayleigh_stack  nearly there,[0.05193887 0.9480611 ],positive
840,thankies  no pictures in yetbut soon moff to wash up love have a good satdee xx,[0.1293295 0.8706705],positive
841,wossy httptwitpiccom24mer  i like mr piggls i mean pickles,[0.37977502 0.62022495],positive
842,billzucker thanks for making me laugh,[0.60597855 0.39402145],negative
843,jonasfanjade ok2  gnyt haha too early,[0.6990433  0.30095673],negative
844,jaredmaine kennedymaine johnmaine patmaine garrettmaine i love you guys get your ass to australia in december for my birthday,[0.6990433  0.30095673],negative
845,happy mothers day it will be a good day,[0.33424237 0.6657576 ],positive
846,httpbitlyx7d1c  spanish grand prix 2009  in one hour,[0.33424237 0.6657576 ],positive
847,instantmessaging with two of my favourite conversation guys,[0.49926993 0.50073004],positive
848,blokeslib thats where hitting enter before u check the tweet can get tricky i was rude without trying to be makes a change,[0.60597855 0.39402145],negative
849,happy mothers day allergies are gay oh and i hope miller has a better day too,[0.33424237 0.6657576 ],positive
850,830pm it has just hit me i have school tomorrow o ahaha ill stay on til 9 i think  xx,[0.5647145  0.43528548],negative
851,on a sunny walk round the lake this morning we met a mother goose and father goose and five baby goslings,[0.19700253 0.80299747],positive
852,happy mothers day to all the mothers grandmothers furbaby mommies etc  heading out for breakfast with my mom shortly,[0.33424237 0.6657576 ],positive
853,had a great time last night,[0.33424237 0.6657576 ],positive
854,oh ok i always wondered how that worked i only have the top of my ear done i dont think i could get anything else pierced,[0.19700253 0.80299747],positive
855,harisn i love to read  and i love film making,[0.33424237 0.6657576 ],positive
856,tomorrow is going to be sooo awkward amp embarassing lights amp sounds last night was awesome,[0.1293295 0.8706705],positive
857,has a string trio,[0.33424237 0.6657576 ],positive
858,icebergstorm hey negative on the primatech this handles been on the tubes for a decade longer than heroes has,[0.49926993 0.50073004],positive
859,watermelon39 haha and twitter hard though isnt it,[0.37977502 0.62022495],positive
860,hosamkamel thanks for the follow man,[0.33424237 0.6657576 ],positive
861,ph7s sure but be careful also of making statements that we dont do it parallel ideas do happen ive seen it myself,[0.05870679 0.9412932 ],positive
862,rove1974 anychance you can get matthew to give a shout out to my mum sarah for mothers day we saw quotghosts from girlfriends past todayquot,[0.91942966 0.0805703 ],negative
863,happy mothers day to all my twitter moms including myself,[0.33424237 0.6657576 ],positive
864,goooodnight everyone  and happy mothers day to all the mothers out there,[0.28546515 0.7145348 ],positive
865,happy mothers day to all the moms out there,[0.33424237 0.6657576 ],positive
866,i made a myspace for twitter with the name quotthe twitter kingdomquot here is the link httpbitly13pqtw   join me,[0.49926993 0.50073004],positive
867,mancunianlee oh ayehe rocks shes horny,[0.06274323 0.93725675],positive
868,sierrabardot whaatttaatttt she is a good cook and really creative silly sierra,[0.4318371  0.56816286],positive
869,dai_bach daps were the best lol,[0.13571897 0.86428106],positive
870,debbiefletcher haha i will remember that  xx,[0.13571897 0.86428106],positive
871,follow my dad georgiebouy he wont have much fabulous2saybut it will make him feel loved,[0.02685516 0.9731449 ],positive
872,sharlynnx me too please come online  hope youve had an amazing weekend,[0.4318371  0.56816286],positive
873,balkanbeat no aha is unfortunatelly from norway we have a big family happening and therefore we need some old hits,[0.60597855 0.39402145],negative
874,today was interesting,[0.1293295 0.8706705],positive
875,has just got out the shower,[0.33424237 0.6657576 ],positive
876,how do you sleep  jesse mccartney,[0.33424237 0.6657576 ],positive
877,been town with the mother  nice amp sunnny,[0.60597855 0.39402145],negative
878,jameshancox lol or maybe its the tooth fairy takes em to keep all the kiddys  teeth safe in,[0.6990433  0.30095673],negative
879,gooood party last night  although i am extremely tired now xd off to bed to lounge around watch tv and sleep all day,[0.28546515 0.7145348 ],positive
880,in my moms hair salon dying my hair,[0.49926993 0.50073004],positive
881,wow up coffee in hand and already outside  so peaceful on sunday mornings,[0.37977502 0.62022495],positive
882,happy mothers day mum love you lots   1 month and 11 days to go and 1 month to go for ma bby  love you bash,[0.33424237 0.6657576 ],positive
883,the video is finally done wooooooooooooooooooooooooooooooooooooooooooooooooooooooooooooooooooooooooooooooooooooooooooooooooooooooooooooo,[0.1293295 0.8706705],positive
884,watched wolverine yesterday  a spur of the moment kinda thing awesome so proud that a south african director did that,[0.37977502 0.62022495],positive
885,is heading off to the fair,[0.49926993 0.50073004],positive
886,the sunset view is so beautiful from my room,[0.1293295 0.8706705],positive
887,mcmedia very well thank you how are you more importantly,[0.06274323 0.93725675],positive
888,muffinwomanxo eh u dont like retro tisk tisk what u been upto apart from waxing ur quotmustachequot lol,[0.06274323 0.93725675],positive
889,anyone knows a site like the swedish site quotslsequot or the great useful quotwwwtflgovukquot but for liverpool,[0.40534782 0.5946522 ],positive
890,rtib happy birthday,[0.91942966 0.0805703 ],negative
891,sarahsaner hey sarah hws u hope u remember me,[0.4318371  0.56816286],positive
892,acchanosaurus good luck chan gue kmrn bawa backpack kosong quite helping,[0.40534782 0.5946522 ],positive
893,good morningmidday nation  formula one in one hour,[0.28546515 0.7145348 ],positive
894,to my pretty lady nikkiwoods happy mothers day shes the mother of my future soninlaws,[0.1293295 0.8706705],positive
895,lexia or even listen to susans green policies,[0.7088512  0.29114872],negative
896,right coursework now promise,[0.91942966 0.0805703 ],negative
897,buddinggenius you dont say,[0.60597855 0.39402145],negative
898,givemestrength bloody feds they lost last statement and r hounding me for another one i dodged them one last week,[0.28546515 0.7145348 ],positive
899,prinsezha awesome whadya get her,[0.05870679 0.9412932 ],positive
900,sitting in gatwick going home for a week cant wait to see family,[0.4318371  0.56816286],positive
901,maynaseric good luck with your auction,[0.06274323 0.93725675],positive
902,hey guys if you have something to ask just ask okay well accept your critics and comments thanks guys,[0.33424237 0.6657576 ],positive
903,astronick not really just leaving flat now on the lookout for lunch  fancy having a wee stroll but dunno where oh well,[0.40534782 0.5946522 ],positive
904,iscreamshinki oh thats why,[0.49926993 0.50073004],positive
905,mcmedia husband is golfing amp the toddler and i shall frolic am i the consummate mama in that im so happy with my day,[0.06274323 0.93725675],positive
906,going to watch boy in the striped pjs hope i dont cry,[0.28546515 0.7145348 ],positive
907,gave the bikes a thorough wash degrease it and grease it think i did a really good job,[0.28546515 0.7145348 ],positive
908,had such and amazing time last night mcfly were incredible,[0.33424237 0.6657576 ],positive
909,his snoring is so annoying n it keeps me from sleeping like right now lol but i honestly wud miss it if it eva left  i love him,[0.33424237 0.6657576 ],positive
910,shonali i think the lesson of the day is not to have luggage,[0.4318371  0.56816286],positive
911,lovelylisaj can you give me the link for the kimba diaries please,[0.7088512  0.29114872],negative
912,jasimmo ooo showing of your french skills lol things good over here lovely weather so should be outside  hows u,[0.6990433  0.30095673],negative
913,sendsome2me haha yeah twitter has many uses for me its just to know what the ppl i care about are doing,[0.4318371  0.56816286],positive
914,succesfully following tayla,[0.4318371  0.56816286],positive
915,johnlloydtaylor,[0.6990433  0.30095673],negative
916,happy mothers day  all my love,[0.33424237 0.6657576 ],positive
917,happy mothers day to all the mommies out there be you woman or man as long as youre momma to someone this is your day,[0.33424237 0.6657576 ],positive
918,niariley wassup beautiful follow me  peep out my new hit singles wwwmyspacecomipsohot i def wat u in the video,[0.549934   0.45006594],negative
919,mopedronin bullet train from tokyo    the gf and i have been visiting japan since thursday  vacationsightseeing    gaijin godzilla,[0.06274323 0.93725675],positive
